Model,Total Return,Annualized Vol,Sharpe,Max Drawdown,Trades
Buy & Hold,0.9937695428817157,0.27313592061193714,1.0107895474717248,-0.21893222584527994,1.0
CDI,0.41369159486989737,0.0008934107004033791,0.0,0.0,0.0
M0_Mean,0.7965745253737979,0.19507353245930217,1.1367380068113182,-0.17512465251353182,2.0
M1_Static,0.41369159486989737,0.0008934107004033791,133.98588942562498,0.0,0.0
M2_Dynamic,0.41369159486989737,0.0008934107004033791,133.98588942562498,0.0,0.0
M3_Fund,0.3166914587715908,0.21358738988166995,0.5529438871514926,-0.21893222584527994,1.0
M4_Macro,0.3166914587715908,0.21358738988166995,0.5529438871514926,-0.21893222584527994,1.0
M5a_Huber,0.3412465539327816,0.20512631528246678,0.6122984664640112,-0.18722640597906293,36.0
M5b_ML,2.1714882891417377,0.17629593242782365,2.4165743753792035,-0.09781856031370151,22.0
