{
    "Buy & Hold": {
        "Total Return": 0.4104817958641709,
        "Annualized Return": 0.15637850627769556,
        "Volatility": 0.27313709990540813,
        "Sharpe Ratio": 0.5725275194466516,
        "Sortino Ratio": 0.7694890375847112,
        "Max Drawdown": -0.29386542787070036
    },
    "M5-Linear": {
        "Total Return": -0.5479658548633782,
        "Annualized Return": -0.23793381264386043,
        "Volatility": 0.2700822137655583,
        "Sharpe Ratio": -0.8809680923690743,
        "Sortino Ratio": -1.3275115692574382,
        "Max Drawdown": -0.6701101774516788
    },
    "M5-ML": {
        "Total Return": -0.4505899351643463,
        "Annualized Return": -0.17045158030628405,
        "Volatility": 0.27043896517606875,
        "Sharpe Ratio": -0.6302774461339619,
        "Sortino Ratio": -0.9392339195688437,
        "Max Drawdown": -0.5841438191359076
    }
}