{
  "returns": {
    "ret_petr4": {
      "mean": 0.0011468431277849031,
      "median": 0.0012697932288224148,
      "std": 0.028259136629748313,
      "min": -0.352368794338875,
      "max": 0.20067800206549385,
      "skew": -1.3925460447288518,
      "kurt": 18.09823633755207,
      "annualized_vol": 0.44859988672626,
      "n_obs": 2462
    },
    "ret_ibov": {
      "mean": 0.0005395352523945486,
      "median": 0.0007865295245420567,
      "std": 0.014805878874439942,
      "min": -0.159930265676043,
      "max": 0.1302228102427078,
      "skew": -1.1744213766544065,
      "kurt": 17.924179700108706,
      "annualized_vol": 0.23503604066107803,
      "n_obs": 2462
    },
    "excess_ret_petr4": {
      "mean": 0.0007921653584981478,
      "median": 0.0008661568298163083,
      "std": 0.028257811383968774,
      "min": -0.3525301644279403,
      "max": 0.2005166319764286,
      "skew": -1.3891013387092965,
      "kurt": 18.066780482079807,
      "annualized_vol": 0.4485788491017078,
      "n_obs": 2462
    },
    "excess_ret_ibov": {
      "mean": 0.00018485748310779332,
      "median": 0.00041684813005080107,
      "std": 0.014805153160290041,
      "min": -0.16009163576510824,
      "max": 0.13006144015364254,
      "skew": -1.1622213176625626,
      "kurt": 17.871124734151227,
      "annualized_vol": 0.23502452030609666,
      "n_obs": 2462
    }
  },
  "correlations": {
    "petr4_ibov": 0.7432745003199962
  },
  "metrics": {
    "earnings_yield": {
      "mean": 0.018667289967568206,
      "median": 0.010435658216961616,
      "std": 0.10085890853752258,
      "min": -0.3490949712869386,
      "max": 0.4521245331814195,
      "skew": 0.32550201631566444,
      "kurt": 7.847291149684957,
      "n_obs": 64
    },
    "ev_ebitda": {
      "mean": 133.96730328125003,
      "median": 9.061275,
      "std": 970.1083824741581,
      "min": -137.26742,
      "max": 7767.43425,
      "skew": 7.980076775935571,
      "kurt": 63.78471949846861,
      "n_obs": 64
    },
    "pb_ratio": {
      "mean": 0.903655573770492,
      "median": 0.89896,
      "std": 0.3641420333309728,
      "min": 0.32069,
      "max": 2.86772,
      "skew": 2.470902113983924,
      "kurt": 13.127033422745987,
      "n_obs": 61
    },
    "dividend_yield": {
      "mean": 16.345941724137933,
      "median": 15.13418,
      "std": 17.21659333510533,
      "min": 0.00187,
      "max": 64.94627,
      "skew": 1.4752655088950328,
      "kurt": 1.773740566144466,
      "n_obs": 29
    },
    "roe": {
      "mean": 0.028364324409002092,
      "median": 0.011790027046588701,
      "std": 0.08758519042284138,
      "min": -0.211659040119187,
      "max": 0.3918081150431549,
      "skew": 1.4299310050346945,
      "kurt": 5.2559506468054416,
      "n_obs": 61
    },
    "beta": {
      "mean": 1.288604256612032,
      "median": 1.3488614984133709,
      "std": 0.3356352685958497,
      "min": 0.6443784444862363,
      "max": 1.817126702362576,
      "skew": -0.33331959466617117,
      "kurt": -0.8907513621090399,
      "n_obs": 35
    },
    "volatility": {
      "mean": 0.41708395320576164,
      "median": 0.4119451407978815,
      "std": 0.12857781977591262,
      "min": 0.22047017327094873,
      "max": 0.7080644084187666,
      "skew": 0.6506515593734059,
      "kurt": 0.09152600959994794,
      "n_obs": 35
    },
    "debt_to_equity": {
      "mean": 1.0218835201514498,
      "median": 0.8849823866190074,
      "std": 0.42033029515359793,
      "min": 0.38009818089099046,
      "max": 2.0330171210437853,
      "skew": 0.5514004032547731,
      "kurt": -0.39048513531173157,
      "n_obs": 61
    },
    "current_ratio": {
      "mean": 1.4559706954041003,
      "median": 1.5199243537805185,
      "std": 0.3928440854926556,
      "min": 0.6940782719395507,
      "max": 2.122968861504993,
      "skew": -0.21200909941542348,
      "kurt": -1.1130066699804573,
      "n_obs": 61
    }
  },
  "metrics_correlation": {
    "earnings_yield": {
      "earnings_yield": 1.0,
      "ev_ebitda": -0.05243772571963496,
      "pb_ratio": 0.29654017102950053,
      "dividend_yield": 0.3280740192585134,
      "roe": 0.9297992989770081,
      "beta": -0.11930195527593308,
      "volatility": -0.13937108850921726,
      "debt_to_equity": -0.432500133862094,
      "current_ratio": -0.1935766812253885
    },
    "ev_ebitda": {
      "earnings_yield": -0.05243772571963496,
      "ev_ebitda": 1.0,
      "pb_ratio": 0.04355160241478773,
      "dividend_yield": 0.26314863238354586,
      "roe": -0.07868566416084276,
      "beta": -0.03639880773180745,
      "volatility": 0.000299689999531668,
      "debt_to_equity": -0.08752851589173474,
      "current_ratio": -0.17900682632873216
    },
    "pb_ratio": {
      "earnings_yield": 0.29654017102950053,
      "ev_ebitda": 0.04355160241478773,
      "pb_ratio": 1.0,
      "dividend_yield": -0.392481360691952,
      "roe": 0.41013001189292414,
      "beta": -0.5135068665535775,
      "volatility": -0.2701670134735455,
      "debt_to_equity": -0.27377602530378,
      "current_ratio": -0.4244141803243028
    },
    "dividend_yield": {
      "earnings_yield": 0.3280740192585134,
      "ev_ebitda": 0.26314863238354586,
      "pb_ratio": -0.392481360691952,
      "dividend_yield": 1.0,
      "roe": 0.2514277783708149,
      "beta": -0.38412637709991715,
      "volatility": -0.3127673858919077,
      "debt_to_equity": -0.5552980006869108,
      "current_ratio": -0.2231468752514287
    },
    "roic": {},
    "roe": {
      "earnings_yield": 0.9297992989770081,
      "ev_ebitda": -0.07868566416084276,
      "pb_ratio": 0.41013001189292414,
      "dividend_yield": 0.2514277783708149,
      "roe": 1.0,
      "beta": -0.13268758395201596,
      "volatility": -0.12267036301548882,
      "debt_to_equity": -0.3742761181847828,
      "current_ratio": -0.23256066897393715
    },
    "ebitda_margin": {},
    "evs": {},
    "beta": {
      "earnings_yield": -0.11930195527593308,
      "ev_ebitda": -0.03639880773180745,
      "pb_ratio": -0.5135068665535775,
      "dividend_yield": -0.38412637709991715,
      "roe": -0.13268758395201596,
      "beta": 1.0,
      "volatility": 0.6440390736095173,
      "debt_to_equity": 0.4856282344976008,
      "current_ratio": 0.7756336249668335
    },
    "volatility": {
      "earnings_yield": -0.13937108850921726,
      "ev_ebitda": 0.000299689999531668,
      "pb_ratio": -0.2701670134735455,
      "dividend_yield": -0.3127673858919077,
      "roe": -0.12267036301548882,
      "beta": 0.6440390736095173,
      "volatility": 1.0,
      "debt_to_equity": 0.6834079025342987,
      "current_ratio": 0.3292758620408712
    },
    "debt_to_equity": {
      "earnings_yield": -0.432500133862094,
      "ev_ebitda": -0.08752851589173474,
      "pb_ratio": -0.27377602530378,
      "dividend_yield": -0.5552980006869108,
      "roe": -0.3742761181847828,
      "beta": 0.4856282344976008,
      "volatility": 0.6834079025342987,
      "debt_to_equity": 1.0,
      "current_ratio": -0.10202848732617861
    },
    "current_ratio": {
      "earnings_yield": -0.1935766812253885,
      "ev_ebitda": -0.17900682632873216,
      "pb_ratio": -0.4244141803243028,
      "dividend_yield": -0.2231468752514287,
      "roe": -0.23256066897393715,
      "beta": 0.7756336249668335,
      "volatility": 0.3292758620408712,
      "debt_to_equity": -0.10202848732617861,
      "current_ratio": 1.0
    }
  }
}