{
    "Dynamic CAPM": {
        "MSE": 0.00022652987878228864,
        "MAE": 0.010855694271972414,
        "RMSE": 0.01505090956661054,
        "R2_OOS": 0.23425802158578846
    }
}