{
    "r2": 0.5987005229109836,
    "adj_r2": 0.5977193505953625,
    "aic": -12803.82626809918,
    "bic": -12763.168006746442,
    "params": {
        "const": -3.4382414225728476e-05,
        "excess_ret_ibov": 1.2712125823105638,
        "ret_brent": 0.24380586832858836,
        "ret_fx": 0.08573306887583139,
        "delta_embi": -0.0001237991956230593,
        "cma_proxy": -0.0008005117612588958,
        "rmw_proxy": 0.0007315771703868033
    },
    "pvalues": {
        "const": 0.9539874059544525,
        "excess_ret_ibov": 1.8976362723404273e-305,
        "ret_brent": 8.20866664163086e-53,
        "ret_fx": 0.014217009397092669,
        "delta_embi": 0.062283728069470856,
        "cma_proxy": 0.39082264910126396,
        "rmw_proxy": 0.007461754485052791
    },
    "tvalues": {
        "const": -0.0577061337504903,
        "excess_ret_ibov": 43.361148533401966,
        "ret_brent": 15.668920525180374,
        "ret_fx": 2.4534853573129523,
        "delta_embi": -1.8651208736894693,
        "cma_proxy": -0.8582782623319859,
        "rmw_proxy": 2.6777268778607852
    },
    "n_obs": 2461
}