{
    "M0 (CAPM)": {
        "R2_Adj": 0.6040502390107584,
        "AIC": -8634.05654717262,
        "BIC": -8623.142482994375,
        "R2_OOS": 0.12276585630714842,
        "MSE": 0.000259406079534494,
        "Num_Params": 2
    },
    "M1 (CAPM + Value)": {
        "R2_Adj": 0.603845648515676,
        "AIC": -8632.163285204357,
        "BIC": -8615.79218893699,
        "R2_OOS": 0.11941197326120545,
        "MSE": 0.0002603978531201673,
        "Num_Params": 3
    },
    "M2 (CAPM + Quality)": {
        "R2_Adj": 0.6045893146776078,
        "AIC": -8635.417673944456,
        "BIC": -8619.046577677089,
        "R2_OOS": 0.12717967959059062,
        "MSE": 0.00025810087202296706,
        "Num_Params": 3
    },
    "M3 (CAPM + Q-VAL)": {
        "R2_Adj": 0.6038562959495224,
        "AIC": -8632.20983676483,
        "BIC": -8615.838740497464,
        "R2_OOS": 0.12451319199283795,
        "MSE": 0.0002588893765503314,
        "Num_Params": 3
    },
    "M4 (Macro)": {
        "R2_Adj": 0.6393001823837463,
        "AIC": -8792.556475779298,
        "BIC": -8765.271315333686,
        "R2_OOS": 0.23531202021689757,
        "MSE": 0.00022612515977506344,
        "Num_Params": 5
    },
    "M5 (Fatores)": {
        "R2_Adj": 0.6395655362459794,
        "AIC": -8791.838067413339,
        "BIC": -8753.638842789482,
        "R2_OOS": 0.24078559277209133,
        "MSE": 0.0002245065748079836,
        "Num_Params": 7
    }
}