{
    "M5b": {
        "MSE": 0.00022330770566628583,
        "RMSE": 0.014943483719209715,
        "MAE": 0.010807005916607347,
        "R2_OOS": 0.24466603928140795,
        "AIC": -6108.673760961614,
        "BIC": -6062.757023641528
    },
    "M6": {
        "MSE": 0.00020172973478995695,
        "RMSE": 0.014203159324247438,
        "MAE": 0.010132464515641412,
        "R2_OOS": 0.3176531050777165,
        "AIC": -6172.756061484905,
        "BIC": -6103.880955504776
    },
    "Comparison": {
        "Delta_R2": 0.07298706579630854,
        "Delta_RMSE": -0.000740324394962277
    }
}