{
    "MSE": 0.006219892214993673,
    "RMSE": 0.078866293275351,
    "MAE": 0.06154911453711462,
    "R2_OOS": 0.007725298591418683,
    "AIC": -3571.7219151226855,
    "BIC": -3503.2640822247035
}