{
    "M0_R2": 0.5529195344542904,
    "M4_R2": 0.5974570623645261,
    "M4_Adj_R2": 0.5968014549742403,
    "Delta_R2": 0.044537527910235686,
    "Coefficients": {
        "const": 0.0004944834953806395,
        "excess_ret_ibov": 1.2726597122993837,
        "ret_brent": 0.24445466012354802,
        "ret_fx": 0.08500257615056563,
        "delta_embi": -0.00012043132034588233
    },
    "PValues": {
        "const": 0.17180324241807268,
        "excess_ret_ibov": 1.235586472542693e-305,
        "ret_brent": 5.660256224616324e-53,
        "ret_fx": 0.015174847725254287,
        "delta_embi": 0.06998078744528657
    },
    "TValues": {
        "const": 1.3668314486939213,
        "excess_ret_ibov": 43.37311091263997,
        "ret_brent": 15.694583246157269,
        "ret_fx": 2.4298847157768244,
        "delta_embi": -1.812825435774307
    },
    "Variance_Decomposition": {
        "excess_ret_ibov": 0.49590604691186363,
        "ret_brent": 0.08807981529173203,
        "ret_fx": 0.000961236865479118,
        "delta_embi": 0.012509963295460532,
        "Residual": 0.4025429376354648
    }
}