{
  "M0_CAPM": {
    "r_squared": 0.5523917201679449,
    "adj_r_squared": 0.5522097655826472,
    "aic": -12550.074543739189,
    "bic": -12538.4570851257,
    "f_pvalue": 4.566451652313836e-126,
    "params": {
      "const": 0.0005299330288298944,
      "excess_ret_ibov": 1.4185648601271184
    },
    "pvalues": {
      "const": 0.16733053527787234,
      "excess_ret_ibov": 1.1614600544022628e-141
    },
    "n_obs": 2462,
    "delta_adj_r2": 0.0
  },
  "M1_SingleFactor": {
    "r_squared": 0.5529345814575868,
    "adj_r_squared": 0.5525709658264014,
    "aic": -12551.062280299564,
    "bic": -12533.63609237933,
    "f_pvalue": 6.143025030579436e-125,
    "params": {
      "const": 0.0004855051384453019,
      "excess_ret_ibov": 1.4181216139860553,
      "z_earnings_yield": 0.0003819789533885144
    },
    "pvalues": {
      "const": 0.21018709080314968,
      "excess_ret_ibov": 1.6037543989602033e-141,
      "z_earnings_yield": 0.11368554711967752
    },
    "n_obs": 2462,
    "delta_adj_r2": 0.00036120024375418947
  },
  "M2_MultiFactor": {
    "r_squared": 0.5536966234170203,
    "adj_r_squared": 0.5529700407933605,
    "aic": -12551.262444373784,
    "bic": -12522.218797840062,
    "f_pvalue": 8.115612917587471e-123,
    "params": {
      "const": 0.00041695982399038103,
      "excess_ret_ibov": 1.416980879222072,
      "score_valor": 1.2550967871582515e-05,
      "score_qualidade": 0.0006977689624343957,
      "score_risco": -0.00019241964661329458
    },
    "pvalues": {
      "const": 0.2837669280671927,
      "excess_ret_ibov": 4.132681267168628e-142,
      "score_valor": 0.7908478042429943,
      "score_qualidade": 0.0063618272980828635,
      "score_risco": 0.6171895388623855
    },
    "n_obs": 2462,
    "delta_adj_r2": 0.0007602752107133126
  },
  "M3_QVAL": {
    "r_squared": 0.552624549517208,
    "adj_r_squared": 0.55226068172503,
    "aic": -12549.355518691911,
    "bic": -12531.929330771678,
    "f_pvalue": 1.0642903359788908e-124,
    "params": {
      "const": -0.00020847348633620214,
      "excess_ret_ibov": 1.418949269966042,
      "qval_scaled": 1.4900634952475617e-05
    },
    "pvalues": {
      "const": 0.7903598484655352,
      "excess_ret_ibov": 1.0315538785212874e-141,
      "qval_scaled": 0.26057295491991705
    },
    "n_obs": 2462,
    "delta_adj_r2": 5.091614238272868e-05
  }
}