{
    "RW": {
        "MSE": 0.00029602610591699736,
        "MAE": 0.012396231461906243,
        "RMSE": 0.017205409205159793,
        "R2_OOS": -0.0006610043039476654
    },
    "HM": {
        "MSE": 0.00029583056064317296,
        "MAE": 0.012399169214597251,
        "RMSE": 0.017199725597903386,
        "R2_OOS": 0.0
    },
    "CAPM": {
        "MSE": 0.0002593584452802755,
        "MAE": 0.012261481474634253,
        "RMSE": 0.016104609442028562,
        "R2_OOS": 0.12328717926776223
    }
}