{
    "M0_RW": {
        "MSE": 0.00029602610591699736,
        "RMSE": 0.017205409205159793,
        "MAE": 0.012396231461906243,
        "R2_OOS": -0.001072172251443293,
        "AIC": -3854.3584813362186,
        "BIC": -3854.3584813362186
    },
    "M0_HM": {
        "MSE": 0.0002957090548738611,
        "RMSE": 0.017196193034327716,
        "MAE": 0.012394911733736002,
        "R2_OOS": 0.0,
        "AIC": -3853.1396761945907,
        "BIC": -3848.548002462582
    },
    "M1_Static": {
        "MSE": 0.0002594060795344939,
        "RMSE": 0.016106088275384994,
        "MAE": 0.01226272910422571,
        "R2_OOS": 0.12276585630714876,
        "AIC": -3946.6250728340246,
        "BIC": -3937.441725370007
    },
    "M2_Dynamic": {
        "MSE": 0.0002265298787822886,
        "RMSE": 0.015050909566610537,
        "MAE": 0.01085569427197241,
        "R2_OOS": 0.23394338100698964,
        "AIC": -4045.417590689972,
        "BIC": -4036.2342432259543
    },
    "M3_Fundamentals": {
        "MSE": 0.0002253102494248562,
        "RMSE": 0.01501033808496185,
        "MAE": 0.010795146224075194,
        "R2_OOS": 0.23806780444729536,
        "AIC": -4045.3531063974488,
        "BIC": -4026.986411469414
    },
    "M4_Macro": {
        "MSE": 0.00019929133224559826,
        "RMSE": 0.014117058200829175,
        "MAE": 0.009992443612185788,
        "R2_OOS": 0.3260560373079925,
        "AIC": -4124.809136322591,
        "BIC": -4083.484072734513
    },
    "M5_Score": {
        "MSE": 0.00022566674706530734,
        "RMSE": 0.01502220846165128,
        "MAE": 0.010787956044699485,
        "R2_OOS": 0.23686223554578434,
        "AIC": -4048.200556107544,
        "BIC": -4039.0172086435264
    },
    "M5_Linear": {
        "MSE": 0.0002065142751947291,
        "RMSE": 0.014370604552165824,
        "MAE": 0.01054409473298116,
        "R2_OOS": 0.30163019430426063,
        "AIC": -4086.8554212054587,
        "BIC": -4017.980315225329
    },
    "M5_ML": {
        "MSE": 0.00019692958631381487,
        "RMSE": 0.014033160239725579,
        "MAE": 0.009903911841312167,
        "R2_OOS": 0.3340427590294184,
        "AIC": -4121.499910053627,
        "BIC": -4052.624804073497
    }
}